rec_id,given_name,surname,address_1,address_2
rec-2670-org,kydan,webb,emily bulcock crescent,belmont bayview park
rec-480-org,luke,mcphie,wheadon street,beltunga
rec-2905-org,destynii,humphreys,black street,najee
rec-761-org,cameron,lavis,albermarle place,dananbilla
rec-3734-org,noah,reid,truscott street,mckail
rec-6-org,holly,petersen,marou place,never die
rec-2804-org,,gilbertson,goodwin street,court units
rec-613-org,oliver,tootell,shackleton circuit,myola street
rec-3749-org,connor,trimble,werriwa crescent,scts crk
rec-2378-org,shakirah,van der steege,newdegate street,airforce memorial estate
rec-102-org,elli,sindorff,lansell circuit,palestine
rec-2053-org,flynn,fitzpatrick,burns circuit,the willows
rec-3512-org,alex,webb,outtrim avenue,st francis village
rec-1152-org,samuel,wilkins,schlich street,wildes mdw
rec-606-org,taliah,morrison,cope place,strawberry fields
rec-1707-org,giorgia,smallacombe,dundas court,somerton park
rec-3804-org,benjamin,hartland,ranken place,sorrento
rec-3780-org,ethan,hand,lambrigg street,rainmore
rec-1147-org,michael,boyle,river street,
rec-4318-org,timothy,matthews,blandon place,harrowvale
rec-1997-org,cassandra,webb,wentworth avenue,
rec-1059-org,judah,clarke,duncan street,table mountain
rec-548-org,jade,worsley,waller crescent,st francis vlge
rec-963-org,clodagh,sieber,pandanus street,highfields medical centre
rec-2505-org,caleb,bristow,brunswick circuit,granny flat rear
rec-2906-org,nicholas,wheatley,cox street,venture
rec-4681-org,meg,matthews,mccawley street,vambi back
rec-4058-org,benjamin,coleman,canopus crescent,
rec-2120-org,kylie,stanley,bugden avenue,wrem house
rec-2090-org,aiden,mcmellon,cromwell circuit,redwood lodge
rec-1481-org,thomas,humphreys,mayne street,gull cottage
rec-3538-org,benjamin,everett,herron crescent,redhill
rec-4723-org,tommy,morrison,mcnamara street,rowan lodge
rec-4848-org,rachel,godfrey,discovery street,2/98-latchford barracks
rec-1359-org,jacob,maynard,lutana street,caprice
rec-4845-org,michael,acciairresa,eyre street,george forbes house
rec-3141-org,blaize,matthews,mirning crescent,laurel bank
rec-3738-org,imogen,carlington,mcinnes street,parish talowahl
rec-2294-org,tasman,green,wynn street,nixon hostel
rec-3848-org,chelsea,sherriff,gellibrand street,electorate office
rec-1712-org,christina,taute,casson street,old mia mia school
rec-4384-org,marley,waller,namatjira drive,dangaroo park
rec-1802-org,ellen,hare,windradyne street,
rec-3632-org,connor,godfrey,centaurus street,locn 5940
rec-870-org,jessica,bradshaw,wheadon street,yarrabin
rec-4618-org,chloe,musolino,warrumbul street,gordonvale
rec-4585-org,hayley,mortlock,augustus close,ronobri
rec-178-org,kirra,okoniewski,,molyneux hse
rec-1220-org,lauren,weltman,tewksbury circuit,heritage estate
rec-612-org,jake,david,pearson street,henry kendall bayside
rec-843-org,montana,hawes,lange place,richon
rec-4726-org,raquel,,windeyer street,kookaburra village
rec-1384-org,ruby,mason,weatherburn place,yammacoona
rec-2662-org,,fullerton,leichhardt street,gostwyck
rec-4456-org,chloe,grosvenor,clyne place,waddi
rec-3318-org,leah,eisele,howie court,oaks caravan village
rec-30-org,xavier,campbell,norton street,pine camp
rec-1584-org,james,murabito,mcelhone court,balmain cove
rec-624-org,abby,spark,cordeaux street,mortlock house
rec-172-org,adam,craze,mcclintock street,loma langie
rec-652-org,dylan,nickolai,jackie howe crescent,bonnie doon
rec-333-org,joshua,akot,edmunds place,villa 18
rec-2558-org,tyler,dolan,staaten crescent,newnham house
rec-1876-org,abbey,lewkowicz,stead place,dalamar
rec-692-org,tiahnee,excell,aroona court,normanville mews
rec-860-org,daniel,belperio,templeton street,murray vale murray valley
rec-4275-org,isobel,burnell,heidelberg street,cinema centre bldg
rec-4487-org,madison,blake,owen crescent,pontresina
rec-136-org,emmerson,dolan,tewksbury circuit,weeroona
rec-3813-org,amy,mason,casuarina street,memorial hospital
rec-2938-org,stephanie,dudek,forbes street,
rec-2194-org,samantha,lock,o'sullivan street,brentwood vlge
rec-3470-org,dominic,alderson,clamp place,
rec-1349-org,daniella,boothroyd,elkington street,witsend
rec-4657-org,joshua,coleman,mosman place,aralee
rec-1061-org,pia,chell,bayley street,youralla
rec-1377-org,david,stapenell,gosse street,treetops
rec-824-org,holly,clarke,ballumbir street,talooby
rec-1513-org,madeline,adair,allman circuit,robboview
rec-3005-org,charles,white,westbury circuit,albion heights
rec-4213-org,adam,matthews,elvire place,mt pleasant
rec-4127-org,dayna,gilfedder,burgan place,edwards chambers
rec-3431-org,harry,rollins,antill street,valbella
rec-0-org,rachael,dent,knox street,lakewood estate
rec-2346-org,nathan,clarke,forbes street,rainbow park rp 8965
rec-576-org,james,kempson,melia place,birks harbour
rec-3926-org,stephanie,reid,bugden avenue,tudor
rec-2771-org,joshua,petersen,wybalena grove,lyra park
rec-4500-org,zali,mcgregor,goulburn street,
rec-3274-org,dominic,hoggan,devanny place,birrabilla
rec-4209-org,joshua,pringle,fred johns crescent,glenview
rec-3307-org,chevonne,wilkins,wilga place,the slipway
rec-384-org,michael,richmond,tanumbirini street,professional centre
rec-3882-org,jacob,siviour,dobbie place,brentwood vlge
rec-4938-org,lushia,mason,mcdermott street,tundarra
rec-2705-org,holly,ryan,cradle close,frm 654
rec-1104-org,andrew,berry,galibal street,blue haven village
rec-925-org,makenzi,quan,duffy street,sutherwood north
rec-2185-org,mia,garrigan,michie street,westholme
rec-4190-org,zane,crouch,allan street,sbend carvn park
rec-4478-org,joel,reid,pearson street,lytton
rec-3604-org,wil,clarke,osburn drive,guest village (cnr bullcreek d drive
rec-210-org,chelsie,,kauper street,lesma
rec-4367-org,pakita,beams,strangways street,upson & downs
rec-2112-org,lachlan,hage,ballumbir street,opal cove resort
rec-242-org,joshua,green,duncan street,euroka
rec-2045-org,jack,steinert,lamington street,st francis village
rec-3961-org,emma,thorpe,sharwood crescent,wyuna
rec-3723-org,lara,carbone,beasley street,ebony's retreat
rec-1652-org,zac,ebdell,outtrim avenue,gogulger stock
rec-4301-org,nicholas,hassall,laughton street,anzac house (cnr archer s street
rec-2901-org,harrison,laing,bunbury street,brightling park
rec-495-org,madison,renfrey,mcdougall street,pine hill
rec-1942-org,jessica,mccarthy,eagle circuit,sherwood
rec-2515-org,abbey,colquhoun,buntine crescent,glen eden
rec-4380-org,timothy,plume,forsythe street,breakaway creek es
rec-3672-org,stella,mason,kallara close,the parks
rec-586-org,wilson,green,jaeger circuit,bungarra
rec-4818-org,alexandra,yiannoulis,archdall street,tall pines
rec-2635-org,isabelle,,larkin close,naringal orchard
rec-4300-org,elana,manivone,crisp circuit,broughton brook
rec-2460-org,,felmingham,gawler crescent,wingara
rec-3530-org,lucy,millar,duffy street,burtons lookout
rec-2406-org,samantha,white,tillyard drive,tieve tara
rec-4685-org,kelsea,worsley,mackellar crescent,
rec-3368-org,sienna,richmond,kitchener street,reynolds dale
rec-468-org,connor,arda,fenner street,summervale
rec-1051-org,timothy,modystach,julia flynn avenue,rcg centre
rec-4975-org,shelbey,green,edmondson street,green desert
rec-4070-org,hamish,chandler,eton place,allanvale
rec-4416-org,ben,nguyen,tipiloura street,centenary marketplace
rec-1854-org,lucas,rider,mount vernon drive,boonsville
rec-3687-org,maya,ryan,medley street,glen echo
rec-3757-org,bailey,petersen,goodman street,nioka
rec-2234-org,jack,katarski,lange place,rose gardens touri
rec-4745-org,lucas,kulesza,bertel crescent,southern cross
rec-3396-org,cain,synnet,langdon avenue,millard centre
rec-2708-org,alana,mcgregor,chandler street,loughmore
rec-3214-org,tanar,saccardo,irvine street,anzac house (cnr archer s street
rec-2656-org,talia,petersen,callaway crescent,karoola
rec-213-org,finn,ryan,spowers circuit,champsaur
rec-414-org,benjamin,liccioni,golden grove,jestarlei
rec-2701-org,keelin,kalnins,ellerston avenue,goughs bay
rec-2314-org,jake,gillard,blackbutt street,ethnam farm
rec-4774-org,elana,wilkins,blowering street,homevale
rec-1479-org,jessica,fabel,hilder street,mount beauty
rec-4009-org,ruby,parashar,tytherleigh street,the willows
rec-4426-org,bailee,dooley,balfour crescent,baybreeze
rec-1071-org,braiden,hohn,swinden street,alanvale
rec-4785-org,imogen,miles,smalley circuit,tingara vlge
rec-927-org,claudia,white,willoughby crescent,greenslopes
rec-78-org,stelio,hand,mehaffey crescent,airforce memorial estate
rec-729-org,aidan,hamdan,bacchus circuit,mermaid plaza dental centre (cnr gold co
rec-647-org,henry,greenhalgh,elizabeth crescent,murray vale u p a
rec-3626-org,sophie,wynne,leahy close,box range
rec-1148-org,emiily,reid,ina gregory circuit,
rec-1717-org,jade,binns,fiveash street,caterer
rec-2252-org,allegra,cobbin,abbott street,palestine
rec-3056-org,wil,whiteley,simpson street,strathleven
rec-1528-org,,muthukuda,waratah street,keira
rec-3983-org,benjamin,paine,,rose lane centre
rec-4392-org,lochlan,reifferscheidt,carrington road,haigh park
rec-3654-org,raquel,vandonderen,clift crescent,albaredo
rec-458-org,blake,cheers,rees place,
rec-1645-org,christian,drechsler,white crescent,
rec-1167-org,sara-louise,chandler,schonell circuit,shoal bay
rec-1999-org,kirra,fitzpatrick,dodwell street,dusty corner
rec-1041-org,madison,coltman,cowlishaw street,tathra river est
rec-5-org,josephine,yu,hensman street,lambar
rec-4955-org,callum,hauser,nambir court,zeevoo
rec-3987-org,thomas,orchard,maribyrnong avenue,the broadwalk arcade
rec-3758-org,timothy,jesser,hackett garden,narraburra lodge
rec-1924-org,alexandra,nguyen,fremantle drive,merricroft
rec-920-org,benjamin,clarke,archibald street,locn 1487
rec-727-org,daniel,mason,hazel smith crescent,grant patch
rec-2605-org,oliver,jennions,o'shanassy street,rye park
rec-3648-org,matilda,ryan,bogan place,aldinga beach court
rec-152-org,lewis,portlock,english court,
rec-1608-org,callum,moyse,lynch street,walkabout palms
rec-2527-org,ryleh,miles,yarra street,annecy park
rec-3810-org,kalli,watkin,getting crescent,koah lodge
rec-4281-org,sara,carmody,gilmore crescent,brentwood vlge
rec-3089-org,annabel,thorpe,ardlethan street,galloway
rec-2755-org,robert,maczkowiack,broadbent street,jandera south
rec-355-org,eva,painter,castleton crescent,mawingo
rec-1125-org,callum,jancek,darley place,garema place surgery
rec-1432-org,tarshya,hazell,chauvel circle,
rec-3428-org,ashlee,bishop,john james hospital,omaha
rec-3334-org,keely,demarco,serpentine street,
rec-4365-org,georgia,glover-smith,howse street,
rec-3219-org,oliver,ryan,candlebark close,holiday vlge
rec-1967-org,eboni,kempton,walton street,henry kendall bayside
rec-4580-org,caleb,webb,badimara street,retirement village
rec-760-org,lachlan,nguyen,bushby close,locheil
rec-4217-org,barnaby,dixon,charteris crescent,
rec-3825-org,rosie,white,snowden place,brambletye vinyard
rec-4003-org,andrew,simmonds,blackman crescent,ra 23012
rec-1057-org,samara,pringle,allan street,bonnie doon
rec-3009-org,ruby,clarke,jackie howe crescent,parklands village
rec-2730-org,,white,young street,ripplevale
